batch_size,epochs,learning_rate,num_channels,num_layers,optimizer,activation,decay_sequence,dropout_rate,filters,kernel_size,l1_r,l2_r,output_layer_activation,padding,start_neurons,use_layerwise_dropout_batchnorm,train_loss,train_accuracy,train_precision,train_recall,val_loss,val_accuracy,val_precision,val_recall
32,2,0.01,3,2,sgd,tanh,"[1, 2]",0.3,17,5,0.0001,0.001,sigmoid,same,32,False,2.18404746056,0.650568187237,0.650568187237,1.0,2.19674873352,0.618990361691,0.618990361691,1.0
32,2,0.01,3,2,sgd,tanh,"[1, 2]",0.3,17,5,0.0001,0.001,sigmoid,same,32,True,2.17236542702,0.656648218632,0.657907187939,0.993813693523,2.20504283905,0.616891086102,0.610576927662,0.978640794754
32,2,0.01,1,2,sgd,tanh,"[1, 2]",0.3,17,5,0.0001,0.001,sigmoid,same,32,True,2.17300081253,0.650450885296,0.650331437588,0.998542785645,2.19905471802,0.618072271347,0.616586565971,0.996116518974
32,2,0.01,2,2,sgd,tanh,"[1, 2]",0.3,17,5,0.0001,0.001,sigmoid,same,32,True,,,,,,,,
