batch_size,epochs,learning_rate,optimizer,activation,dropout_rate,filters,kernel_size,l1_r,l2_r,output_layer_activation,padding,start_neurons,train_loss,train_accuracy,train_precision,train_recall,val_loss,val_accuracy,val_precision,val_recall
64,30,0.01,sgd,tanh,0.3,17,5,0.0001,0.001,sigmoid,same,32,0.580652058125,0.893405556679,0.964070796967,0.871845364571,0.753917753696,0.853960394859,0.857098162174,0.849132597446
128,33,0.1,rmsprop,tanh,0.001,11,13,0.001,0.2,sigmoid,same,256,3334.01757813,0.651845097542,0.661726474762,0.972027301788,3334.11230469,0.497968763113,0.498642385006,0.976846039295
128,35,0.001,rmsprop,sigmoid,0.1,19,11,0.001,0.001,sigmoid,same,256,3.78029799461,0.663522303104,0.663522303104,1.0,3.88228178024,0.499374985695,0.499374985695,1.0
512,35,0.01,rmsprop,softmax,0.2,23,9,0.001,0.0001,sigmoid,same,32,3.92684316635,0.663646936417,0.663646936417,1.0,4.04286909103,0.4990234375,0.4990234375,1.0
128,30,0.01,sgd,tanh,0.01,15,5,0.3,0.2,sigmoid,same,64,697.530761719,0.660738050938,0.66252630949,0.995771348476,697.642822266,0.498906254768,0.499139159918,0.997809767723
256,30,1e-05,adam,relu,0,19,11,0.1,0.1,sigmoid,same,256,124.681503296,0.663667738438,0.663646757603,1.0,124.788604736,0.499374985695,0.499374985695,1.0
64,33,1e-05,rmsprop,sigmoid,0.4,13,3,0.1,0.001,sigmoid,same,128,2.30451154709,0.663512587547,0.663512587547,1.0,2.42165017128,0.499381184578,0.499381184578,1.0
128,33,0.0001,rmsprop,relu,0.001,23,15,0.2,0.001,sigmoid,same,512,,,,,,,,
