,batch_size,epochs,learning_rate,optimizer,activation,dropout_rate,filters,kernel_size,l1_r,l2_r,output_layer_activation,padding,start_neurons,train_loss,train_accuracy,train_precision,train_recall,val_loss,val_accuracy,val_precision,val_recall
0,8,1,0.01,adam,relu,0.01,13,9,0.0001,0.0001,softmax,same,256,2630.73144531,0.572992682457,0.572992682457,0.572992682457,1702677.75,0.614583313465,0.614583313465,0.614583313465
1,256,1,0.01,rmsprop,relu,0.01,17,5,0.0001,0.01,sigmoid,same,256,326103.65625,0.4990234375,0.497153699398,0.51171875,16574631.0,0.53515625,0.520754694939,0.5390625
