epochs,batch_size,use_maxpool,use_averagepool,use_batchnorm,train_loss,train_accuracy,train_precision,train_recall,val_loss,val_accuracy,val_precision,val_recall,confusion_matrix
40,48,False,False,False,,,,,,,,,
40,48,False,False,False,0.00864968635142,0.997954726219,0.997954726219,0.997954726219,0.287639766932,0.957098782063,0.957098782063,0.957098782063,"[[2940  193]
 [ 128 3219]]"
40,48,True,False,False,0.167698144913,0.945419549942,0.945419549942,0.945419549942,0.138399958611,0.960339546204,0.960339546204,0.960339546204,"[[2856  277]
 [ 264 3083]]"
40,48,False,True,False,0.179913014174,0.93516933918,0.93516933918,0.93516933918,0.142491534352,0.955085635185,0.955085635185,0.955085635185,"[[2722  411]
 [ 311 3036]]"
40,48,False,False,True,1.99463951588,0.706835031509,0.706835031509,0.706835031509,1.62626421452,0.732716083527,0.732716083527,0.732716083527,"[[3048   85]
 [1817 1530]]"
40,48,True,False,True,3.27863764763,0.632919549942,0.632919549942,0.632919549942,3.03700017929,0.636419773102,0.636419773102,0.636419773102,"[[3103   30]
 [2390  957]]"
40,48,False,True,True,0.990218877792,0.521404087543,0.521404087543,0.521404087543,0.949609994888,0.545061767101,0.545061767101,0.545061767101,"[[ 186 2947]
 [  28 3319]]"
